country,ISO,adults_w_hiv,percent_know_status,num_know_status,num_dont_know_status,percent_dont_know_status_cd4_under_200,num_dont_know_status_cd4_under_200,on_art,know_status_not_on_art,not_on_art,dont_know_status_not_on_art,percent_under_cd4_200_entering_care,num_under_cd4_200_entering_care,percent_viral_suppression,percent_nonsuppression,on_art_viral_failure,cd4_under_200_on_art,cd4_under_200_viral_failure,cd4_under_200,percent_hiv_cd4_under_200,num_adults_in_care_cd4_under_200,crag_prevalence_cd4_under_200,lower_95_percent,upper_95_percent,num_crag_pos,num_crag_pos_dont_know_status,num_crag_pos_not_on_art,num_crag_pos_viral_failure,cm_dont_know_status,cm_not_on_art,cm_viral_failure,total_crag_pos_with_cm,cm_deaths_dont_know_status,cm_deaths_not_on_art,cm_deaths_viral_failure,crag_pos_deaths,total_crag_pos_cm_deaths
Afghanistan,AFG,"11,000",26%,"2,860","8,140",22.50%,"1,832","1,034","1,826","9,966","2,591",45.00%,"1,166",44%,56%,579,11.30%,65,3063,27.80%,,4.64%,4.00%,5.40%,142,85,54,3,40,79,2,122,20,38,1,14,73
Albania,ALB,"1,400",77%,"1,078",322,22.00%,71,666,412,734,565,44.00%,249,35%,65%,433,11.00%,48,367,26.20%,,4.64%,4.00%,5.40%,17,3,12,2,2,11,2,14,1,5,1,2,9
Algeria,DZA,"17,000",93%,"15,810","1,190",8.50%,101,"14,576","1,234","2,424","2,254",17.00%,383,76%,24%,"3,498",4.30%,149,633,3.70%,,1.15%,0.00%,3.33%,7,1,4,2,1,4,1,6,0,2,1,1,4
Angola,AGO,"300,000",54%,"162,000","138,000",16.50%,"22,770","105,227","56,773","194,773","105,177",32%,"33,131",65%,35%,"36,829",8.90%,"3,278","59,179",19.70%,"36,409",3.70%,3.64%,3.77%,"2,190",843,"1,226",121,400,"1,372",96,"1,869",326,"1,068",61,219,"1,674"
Argentina,ARG,"140,000",80%,"112,000","28,000",12.00%,"3,360","89,570","22,430","50,430","40,344",24.00%,"9,683",56%,44%,"39,411",6.00%,2365,15407,11.00%,,6.10%,3.70%,9.40%,945,206,594,145,98,586,115,798,49,281,46,95,471
Armenia,ARM,"4,700",67%,"3,149","1,551",23.00%,357,"2,264",885,"2,436","1,632",46.00%,751,43%,57%,"1,290",11.50%,148,1256,26.70%,,4.64%,4.00%,5.40%,58,17,35,7,8,36,5,49,4,17,2,6,29
Australia,AUS,"30,000",91%,"27,300","2,700",16.00%,432,"25,117","2,183","4,883","4,444",32.00%,"1,422",79%,21%,"5,275",8.00%,422,2276,7.60%,,4.64%,4.00%,5.40%,106,20,66,20,10,64,16,89,5,31,6,11,52
Azerbaijan,AZE,"9,800",73%,"7,154","2,646",15.00%,397,"5,502","1,652","4,298","3,138",30.00%,941,42%,58%,"3,191",7.50%,239,1577,16.10%,,4.64%,4.00%,5.40%,73,18,44,11,9,44,9,62,4,21,4,7,36
Barbados,BRB,"2,700",90%,"2,430",270,19.50%,53,"1,402","1,028","1,298","1,168",39.00%,456,46%,54%,757,9.80%,74,582,21.60%,,5.37%,4.70%,6.20%,31,3,24,4,1,22,3,26,1,11,1,3,16
Belarus,BLR,"28,000",81%,"22,680","5,320",5.50%,293,"18,585","4,095","9,415","7,626",11.00%,839,48%,52%,"9,664",2.80%,266,1397,5.00%,,4.64%,4.00%,5.40%,65,14,39,12,6,38,10,55,3,18,4,6,32
Benin,BEN,"66,000",71%,"46,860","19,140",16.50%,"3,158","50,355","-3,495","15,645","11,108",25%,"2,721",48%,52%,"26,185",8.90%,"2,330","8,210",12.40%,"5,052",1.69%,0.62%,3.64%,139,53,46,39,25,60,31,117,21,47,20,14,101
Bolivia,BOL,"17,000",80%,"13,600","3,400",13.49%,459,"11,537","2,063","5,463","4,370",28.00%,"1,224",46%,54%,"6,230",7.00%,436,2119,12.50%,,5.37%,4.70%,6.20%,114,25,66,23,12,66,19,96,6,31,7,11,56
Botswana,BWA,370000,91%,"336,700","33,300",16.50%,"5,495","320,269","16,431","49,731","45,255",25%,"11,314",81%,19%,"60,851",8.90%,"5,416","22,224",6.00%,"16,730",4.59%,3.81%,5.46%,"1,020",252,519,248,120,508,180,808,60,244,72,102,478
Brazil,BRA,"920,000",91%,"837,200","82,800",14.00%,"11,592","631,386","205,814","288,614","262,639",28.00%,"73,539",65%,35%,"220,985",7.00%,15469,100600,10.90%,,2.86%,1.86%,4.20%,"2,880",332,"2,105",443,158,"1,920",351,"2,428",79,921,140,288,"1,429"
Bulgaria,BGR,"3,300",85%,"2,805",495,14.75%,73,"1,778","1,027","1,522","1,294",29.50%,382,43%,57%,"1,013",7.40%,75,529,16.00%,,4.64%,4.00%,5.40%,25,3,18,3,2,16,3,21,1,8,1,2,12
Burkina Faso,BFA,81000,76%,"61,560","19,440",16.50%,"3,208","67,462","-5,902","13,538","10,289",25%,"2,521",47%,53%,"35,755",8.90%,"3,182","8,911",11.00%,"5,703",4.44%,3.90%,5.02%,396,142,112,141,68,151,112,330,55,117,70,40,283
Burundi,BDI,73000,89%,"64,970","8,030",16.50%,"1,325","69,991","-5,021","3,009","2,678",25%,656,47%,53%,"37,095",8.90%,"3,301","5,283",7.20%,"3,958",4.44%,3.90%,5.02%,234,59,29,147,28,48,116,192,23,37,73,23,156
Cambodia,KHM,"72,000",84%,"60,480","11,520",16.50%,"1,901","60,645",-165,"11,355","9,538",33.00%,"3,148",78%,22%,"13,342",8.30%,1101,6149,8.50%,,4.85%,2.70%,8.00%,298,92,153,53,44,166,42,252,22,80,17,30,148
Cameroon,CMR,460000,78%,"358,800","101,200",16.50%,"16,698","355,854","2,946","104,146","81,234",25%,"19,902",47%,53%,"188,603",8.90%,"16,786","53,386",11.60%,"36,688",2.15%,,,"1,147",359,428,361,170,504,286,960,139,392,180,115,826
Central African Republic,CAF,82000,62%,"50,840","31,160",16.50%,"5,141","47,259","3,581","34,741","21,539",13%,"2,800",47%,53%,"25,047",8.90%,"2,229","10,171",12.40%,"5,029",4.44%,3.90%,5.02%,451,228,124,99,108,195,78,382,88,152,49,45,335
Chad,TCD,100000,71%,"71,000","29,000",16.50%,"4,785","73,780","-2,780","26,220","18,616",25%,"4,561",47%,53%,"39,103",8.90%,"3,480","12,826",12.80%,"8,041",4.44%,3.90%,5.02%,569,212,202,154,101,255,122,478,82,199,77,57,415
Chile,CHL,"77,000",91%,"70,070","6,930",15.00%,"1,040","54,011","16,059","22,989","20,920",30.00%,"6,276",62%,38%,"20,524",7.50%,1539,8855,11.50%,,5.37%,4.70%,6.20%,476,56,337,83,27,308,65,400,13,148,26,48,235
Colombia,COL,"180,000",68%,"122,400","57,600",17.50%,"10,080","115,219","7,181","64,781","44,051",35%,"15,418",31%,69%,"79,501",8.80%,6956,32454,18.00%,,7.07%,4.43%,10.61%,"2,295",713,"1,090",492,339,"1,206",389,"1,934",169,579,156,229,"1,133"
Congo,COG,100000,32%,"32,000","68,000",16.50%,"11,220","25,991","6,009","74,009","23,683",25%,"5,802",47%,53%,"13,775",8.90%,"1,226","18,248",18.20%,"7,028",4.44%,3.90%,5.02%,810,498,258,54,237,414,43,694,193,322,27,81,623
Costa Rica,CRI,"15,000",53%,"7,950","7,050",13.49%,951,"8,232",,"6,768","3,587",28.00%,"1,004",56%,44%,"3,622",7.00%,254,2209,14.70%,,5.37%,4.70%,6.20%,119,51,54,14,24,66,11,101,12,32,4,12,60
Cote d'Ivoire,CIV,360000,77%,"277,200","82,800",16.50%,"13,662","270,515","6,685","89,485","68,903",25%,"16,881",55%,45%,"121,732",8.90%,"10,834","41,377",11.50%,"27,715",4.44%,3.90%,5.02%,"1,837",606,749,481,288,874,381,"1,543",235,680,240,184,"1,339"
Croatia,HRV,"1,700",84%,"1,428",272,14.75%,40,"1,262",166,438,368,29.50%,109,72%,28%,353,7.40%,26,175,10.30%,,4.64%,4.00%,5.40%,8,2,5,1,1,5,1,7,0,2,0,1,4
Cuba,CUB,"33,000",85%,"28,050","4,950",12.50%,619,"24,831","3,219","8,169","6,944",25.00%,"1,736",48%,52%,"12,912",6.30%,807,3162,9.60%,,5.37%,4.70%,6.20%,170,33,93,43,16,92,34,142,8,44,14,17,83
Djibouti,DJI,"6,200",80%,"4,960","1,240",14.50%,180,"2,013","2,947","4,187","3,350",29.00%,971,30%,70%,"1,409",7.30%,102,1253,20.20%,,1.15%,0.00%,3.33%,14,2,11,1,1,10,1,12,0,5,0,1,7
Dominican Republc,DOM,"74,000",82%,"60,680","13,320",11.00%,"1,465","37,698","22,982","36,302","29,768",22.00%,"6,549",40%,60%,"22,619",5.50%,1244,9258,12.50%,,5.37%,4.70%,6.20%,497,79,352,67,37,330,53,420,19,158,21,50,248
DRC,COD,430000,75%,"322,500","107,500",16.50%,"17,738","354,948","-32,448","75,052","56,289",19%,"10,695",47%,53%,"188,122",8.90%,"16,743","45,175",10.50%,"27,438",10.76%,,,"4,861","1,909","1,151","1,802",907,"1,726","1,426","4,059",739,"1,343",899,486,"3,466"
Ecuador,ECU,"44,000",85%,"37,400","6,600",9.00%,594,"33,251","4,149","10,749","9,137",18.00%,"1,645",49%,51%,"16,958",4.50%,763,3002,6.80%,,5.37%,4.70%,6.20%,161,32,88,41,15,88,32,135,8,42,13,16,79
Egypt,EGY,"23,000",79%,"18,170","4,830",14.50%,700,"10,090","8,080","12,910","10,199",29.00%,"2,958",34%,66%,"6,659",7.30%,483,4141,18.00%,,1.15%,0.00%,3.33%,48,8,34,6,4,32,4,40,2,15,2,5,24
El Salvador,SLV,"24,000",77%,"18,480","5,520",12.50%,690,"13,727","4,753","10,273","7,910",25.00%,"1,978",37%,63%,"8,648",6.30%,541,3208,13.40%,,5.37%,4.70%,6.20%,172,37,106,29,18,105,23,145,9,50,9,17,86
Equatorial Guinea,GNQ,"65,000",48%,"31,200","33,800",16.50%,"5,577","24,700","6,500","40,300","19,344",10%,"1,934",47%,53%,"13,091",8.90%,"1,165","8,676",13.30%,"3,099",4.44%,3.90%,5.02%,385,248,86,52,118,170,41,328,96,132,26,39,292
Eritrea,ERI,12000,79%,"9,480","2,520",16.50%,416,"8,762",718,"3,238","2,558",32%,806,59%,41%,"3,592",8.90%,320,"1,541",12.80%,"1,126",3.70%,3.64%,3.77%,57,15,30,12,7,31,9,48,6,24,6,6,42
Eswatini,SWZ,190000,95%,"180,500","9,500",13.20%,"1,254","195,375","-14,875",0,0,33%,0,93%,7%,"13,676",5.60%,766,"2,020",1.10%,766,5.05%,3.73%,6.65%,102,63,0,39,30,23,28,81,25,18,18,10,70
Ethiopia,ETH,580000,83%,"481,400","98,600",16.50%,"16,269","465,457","15,943","114,543","95,071",32%,"29,947",67%,33%,"153,601",8.90%,"13,670","59,887",10.30%,"43,618",7.01%,,,"4,197","1,140","2,099",958,542,"2,198",742,"3,481",441,"1,710",467,420,"3,038"
Gabon,GAB,44000,78%,"34,320","9,680",16.50%,"1,597","23,600","10,720","20,400","15,912",28%,"4,455",47%,53%,"12,508",8.90%,"1,113","7,166",16.30%,"5,569",4.44%,3.90%,5.02%,318,71,198,49,34,196,39,269,27,152,25,32,236
Gambia,GMB,"25,000",51%,"12,750","12,250",16.50%,"2,021","7,705","5,045","17,295","8,820",25%,"2,161",47%,53%,"4,084",8.90%,363,"4,546",18.20%,"2,524",4.44%,3.90%,5.02%,202,90,96,16,43,117,13,172,35,91,8,20,154
Georgia,GEO,"8,300",76%,"6,308","1,992",14.50%,289,"5,400",908,"2,900","2,204",29.00%,639,59%,41%,"2,214",7.30%,161,1089,13.10%,,4.64%,4.00%,5.40%,51,13,30,7,6,30,6,43,3,15,2,5,25
Ghana,GHA,320000,63%,"201,600","118,400",16.50%,"19,536","199,267","2,333","120,733","76,062",25%,"18,635",31%,69%,"137,494",8.90%,"12,237","50,408",15.80%,"30,872",1.28%,,,644,249,238,156,119,300,124,542,97,233,78,64,472
Guatemala,GTM,"30,000",77%,"23,100","6,900",22.00%,"1,518","20,507","2,593","9,493","7,310",44.00%,"3,216",52%,48%,"9,843",11.00%,1083,5817,19.40%,,7.43%,6.15%,8.89%,432,113,239,80,54,247,64,365,27,119,25,43,214
Guinea,GIN,100000,58%,"58,000","42,000",16.50%,"6,930","53,675","4,325","46,325","26,869",25%,"6,583",47%,53%,"28,448",8.90%,"2,532","16,045",16.00%,"9,115",3.11%,,,500,216,205,79,103,259,62,424,84,201,39,50,374
Guinea Bissau,GNB,34000,67%,"22,780","11,220",16.50%,"1,851","20,794","1,986","13,206","8,848",25%,"2,168",47%,53%,"11,021",8.90%,981,"5,000",14.70%,"3,149",6.39%,,,319,118,138,63,56,164,50,270,46,128,31,32,236
Guyana,GUY,"8,700",94%,"8,178",522,12.50%,65,"5,792","2,386","2,908","2,734",25%,683,60%,40%,"2,317",6.30%,145,893,10.30%,,5.37%,4.70%,6.20%,48,4,37,8,2,33,6,40,1,16,2,5,24
Haiti,HTI,"140,000",80%,"112,000","28,000",13.00%,"3,640","118,519","-6,519","21,481","17,185",26.00%,"4,468",56%,44%,"52,148",6.50%,3390,11498,8.20%,,5.37%,4.70%,6.20%,618,196,240,182,93,281,144,518,46,135,58,62,301
Honduras,HND,"21,000",70%,"14,700","6,300",14.50%,914,"11,647","3,053","9,353","6,547",29.00%,"1,899",42%,58%,"6,755",7.30%,490,3302,15.70%,,4.36%,1.90%,8.34%,144,40,83,21,19,86,17,122,9,41,7,14,72
India,IND,"2,300,000",74%,"1,700,000","600,000",22.13%,"132,750","1,429,965","270,035","870,035","643,069",42.00%,"270,089",93%,7%,"95,331",10.90%,10367,413206,18.00%,,4.61%,3.30%,6.20%,"19,031","6,114","12,439",477,"2,904","12,969",378,"16,251","1,452","6,225",151,"1,903","9,731"
Indonesia,IDN,"520,000",66%,"343,200","176,800",22.13%,"39,117","138,167","205,033","381,833","252,010",52.00%,"131,045",59%,41%,"56,648",10.90%,6161,176323,33.90%,,4.64%,,,"8,182","1,815","6,081",286,862,"5,880",226,"6,969",431,"2,822",91,818,"4,162"
Iran,IRN,"53,000",42%,"22,260","30,740",20.50%,"6,302","14,947","7,313","38,053","15,982",41.00%,"6,553",19%,81%,"12,107",10.30%,1241,14095,26.60%,,1.15%,0.00%,3.33%,163,73,76,14,35,93,11,139,17,45,5,16,83
Jamaica,JAM,"32,000",86%,"27,520","4,480",12.50%,560,"12,908","14,612","19,092","16,419",25%,"4,105",35%,65%,"8,390",6.30%,524,5189,16.20%,,5.37%,4.70%,6.20%,279,30,221,28,14,199,22,236,7,96,9,28,140
Kazakhstan,KAZ,"35,000",78%,"27,300","7,700",10.50%,809,"19,869","7,431","15,131","11,802",21.00%,"2,478",44%,56%,"11,127",5.30%,584,3871,11.10%,,4.64%,4.00%,5.40%,180,38,115,27,18,112,21,152,9,54,9,18,89
Kenya,KEN,1400000,96%,"1,344,000","56,000",16.50%,"9,240","1,160,568","183,432","239,432","229,855",32%,"72,404",75%,25%,"290,142",8.90%,"25,823","107,467",7.70%,"98,227",7.51%,,,"8,072",694,"5,438","1,940",330,"4,829","1,502","6,661",269,"3,757",946,807,"5,780"
Kyrgyzstan,KGZ,"8,900",76%,"6,764","2,136",16.00%,342,"4,122","2,642","4,778","3,631",32.00%,"1,162",38%,62%,"2,556",8.00%,204,1708,19.20%,,4.64%,4.00%,5.40%,79,16,54,9,8,52,8,67,4,25,3,8,40
Laos,LAO,"15,000",76%,"11,400","3,600",24.50%,882,"7,882","3,518","7,118","5,410",49.00%,"2,651",46%,54%,"4,256",12.30%,521,4054,27.00%,,4.64%,4.00%,5.40%,188,41,123,24,19,121,19,159,10,58,8,19,94
Latvia,LVA,"5,600",70%,"3,920","1,680",14.75%,248,"2,882","1,038","2,718","1,903",29.50%,561,44%,56%,"1,614",7.40%,119,928,16.60%,,4.64%,4.00%,5.40%,43,11,26,6,5,27,4,36,3,13,2,4,22
Lebanon,LBN,"2,700",95%,"2,565",135,13.00%,18,"1,851",714,849,807,26%,210,59%,41%,759,6.50%,49,277,10.20%,,1.15%,0.00%,3.33%,3,0,2,1,0,2,0,3,0,1,0,0,2
Lesotho,LSO,270000,94%,"253,800","16,200",15.80%,"2,560","225,730","28,070","44,270","41,614",32%,"13,108",72%,28%,"63,204",8.90%,"5,625","21,293",7.90%,"18,734",6.35%,,,"1,353",163,833,357,77,761,277,"1,115",63,592,174,135,965
Liberia,LBR,32000,65%,"20,800","11,200",16.50%,"1,848","17,673","3,127","14,327","9,313",25%,"2,282",47%,53%,"9,367",8.90%,834,"4,963",15.50%,"3,115",4.44%,3.90%,5.02%,220,82,101,37,39,118,29,186,32,92,18,22,164
Libya,LBY,"6,400",93%,"5,952",448,14.50%,65,"3,157","2,795","3,243","3,016",29.00%,875,37%,63%,"1,989",7.30%,144,1084,16.90%,,1.15%,0.00%,3.33%,13,1,10,2,0,9,1,11,0,4,1,1,6
Lithuania,LTU,"3,400",83%,"2,822",578,14.75%,85,"1,197","1,625","2,203","1,828",29.50%,539,32%,68%,814,7.40%,60,685,20.10%,,4.64%,4.00%,5.40%,32,4,25,3,2,23,2,27,1,11,1,3,16
Madagascar,MDG,40000,16%,"6,400","33,600",16.50%,"5,544","5,731",669,"34,269","5,483",32%,"1,727",65%,35%,"2,006",8.90%,179,"7,450",18.60%,"1,906",3.70%,3.64%,3.77%,276,205,64,7,97,135,5,237,79,105,3,28,215
Malawi,MWI,930000,91%,"846,300","83,700",17.20%,"14,396","807,343","38,957","122,657","111,618",32%,"35,160",77%,23%,"185,689",18.20%,"33,795","83,351",9.00%,"68,955",4.56%,3.64%,5.64%,"3,804",657,"1,605","1,542",312,"1,528","1,115","2,955",254,"1,189",703,380,"2,526"
Malaysia,MYS,"92,000",89%,"81,880","10,120",22.10%,"2,239","46,671","35,209","45,329","40,343",41.00%,"16,541",59%,41%,"19,135",10.30%,1961,20741,22.50%,,4.64%,4.00%,5.40%,962,104,768,91,49,693,72,815,25,333,29,96,482
Mali,MLI,96000,54%,"51,840","44,160",16.50%,"7,286","52,765",-925,"43,235","23,347",35%,"8,125",47%,53%,"27,965",8.90%,"2,489","17,900",18.60%,"10,614",4.44%,3.90%,5.02%,795,323,361,110,154,433,87,674,125,337,55,79,597
Mongolia,MNG,"1,000",40%,400,600,13.50%,81,223,177,777,311,27.00%,84,30%,70%,156,6.80%,11,175,17.50%,,4.64%,4.00%,5.40%,8,4,4,0,2,5,0,7,1,2,0,1,4
Morocco,MAR,"21,000",81%,"17,010","3,990",24.00%,958,"15,677","1,333","5,323","4,312",48.00%,"2,070",64%,36%,"5,644",12.00%,677,3704,17.60%,,1.15%,0.00%,3.33%,43,11,24,8,5,25,6,36,3,12,2,4,21
Mozambique,MOZ,1900000,81%,"1,539,000","361,000",16.50%,"59,565","1,319,818","219,182","580,182","469,947",29%,"136,285",50%,50%,"659,909",8.90%,"58,732","254,582",13.40%,"195,017",4.23%,,,"10,771","2,520","5,766","2,485","1,197","5,803","1,925","8,925",976,"4,515","1,213","1,077","7,780"
Myanmar,MMR,"230,000",76%,"174,800","55,200",16.00%,"8,832","176,697",,"53,303","40,510",32.00%,"12,963",72%,28%,"49,475",8.00%,3958,25753,11.20%,,4.64%,4.00%,5.40%,"1,195",410,602,184,195,672,145,"1,012",97,322,58,120,598
Namibia,NAM,200000,90%,"180,000","20,000",16.50%,"3,300","175,406","4,594","24,594","22,135",22%,"4,797",79%,21%,"36,835",8.90%,"3,278","11,375",5.70%,"8,075",3.30%,2.19%,4.76%,375,109,158,108,52,175,84,310,42,136,53,38,268
Nepal,NPL,"29,000",83%,"24,070","4,930",25.00%,"1,233","18,606","5,464","10,394","8,627",50%,"4,314",54%,46%,"8,559",12.50%,1070,6616,22.80%,,4.64%,4.00%,5.40%,307,57,200,50,27,193,39,259,14,92,16,31,152
New Zealand,NZL,"3,600",91%,"3,276",324,16.00%,52,"2,828",448,772,703,32.00%,225,79%,21%,594,8.00%,48,324,9.00%,,4.64%,4.00%,5.40%,15,2,10,2,1,10,2,13,1,5,1,2,7
Nicaragua,NIC,"11,000",82%,"9,020","1,980",10.50%,208,"5,652","3,368","5,348","4,385",21.00%,921,56%,44%,"2,487",5.30%,131,1259,11.40%,,5.37%,4.70%,6.20%,68,11,49,7,5,46,6,57,3,22,2,7,34
Niger  ,NER,28000,70%,"19,600","8,400",16.50%,"1,386","20,212",-612,"7,788","5,452",35%,"1,908",47%,53%,"10,712",8.90%,953,"4,247",15.20%,"2,861",4.44%,3.90%,5.02%,189,62,85,42,29,96,34,159,24,75,21,19,139
Nigeria,NGA,1600000,90%,"1,440,000","160,000",16.50%,"26,400","1,434,706","5,294","165,294","148,765",21%,"31,241",50%,50%,"717,353",8.90%,"63,844","121,485",7.60%,"95,085",2.91%,2.37%,3.54%,"3,536",768,909,"1,858",365,"1,057","1,439","2,861",297,822,907,354,"2,380"
Oman,OMN,"2,400",69%,"1,656",744,21.00%,156,"1,626",30,774,534,42.00%,224,55%,45%,732,10.50%,77,457,19.10%,,1.15%,0.00%,3.33%,5,2,3,1,1,3,1,4,0,1,0,1,3
Pakistan,PAK,"200,000",22%,"44,000","156,000",22.10%,"34,515","22,249","21,751","177,751","39,105",43.50%,"17,011",59%,41%,"9,122",10.90%,992,52518,26.30%,,4.64%,4.00%,5.40%,"2,437","1,602",789,46,761,"1,298",36,"2,096",380,623,15,244,"1,262"
Paraguay,PRY,"18,000",90%,"16,200","1,800",22.00%,396,"9,644","6,556","8,356","7,520",44.00%,"3,309",56%,44%,"4,243",11.00%,467,4172,23.20%,,5.37%,4.70%,6.20%,224,21,178,25,10,159,20,189,5,77,8,22,112
Peru,PER,"89,000",95%,"84,550","4,450",8.00%,356,"70,694",,"18,306","17,391",16.00%,"2,783",56%,44%,"31,105",4.00%,1244,4383,4.90%,,1.59%,0.55%,3.52%,70,6,44,20,3,40,16,58,1,19,6,7,34
Philippines,PHL,"110,000",68%,"74,800","35,200",27.50%,"9,680","47,854","26,946","62,146","42,259",55.00%,"23,243",59%,41%,"19,620",13.80%,2698,35620,32.40%,,4.64%,4.00%,5.40%,"1,653",449,"1,079",125,213,"1,093",99,"1,405",107,525,40,165,836
Romania,ROU,"19,000",87%,"16,530","2,470",14.75%,364,"12,727","3,803","6,273","5,458",29.50%,"1,610",57%,43%,"5,473",7.40%,404,2378,12.50%,,4.64%,4.00%,5.40%,110,17,75,19,8,70,15,93,4,34,6,11,55
Rwanda,RWA,210000,93%,"195,300","14,700",16.50%,"2,426","198,393","-3,093","11,607","10,795",32%,"3,400",82%,18%,"35,711",8.90%,"3,178","9,004",4.30%,"6,579",4.20%,1.95%,7.87%,378,102,143,133,48,151,97,296,39,118,61,38,256
Senegal,SEN,36000,80%,"28,800","7,200",16.50%,"1,188","28,979",-179,"7,021","5,617",49%,"2,752",59%,41%,"11,881",8.90%,"1,057","4,998",13.90%,"3,810",4.44%,3.90%,5.02%,222,53,122,47,25,125,37,187,20,97,23,22,163
Serbia,SRB,"3,300",87%,"2,871",429,19.00%,82,"2,160",711,"1,140",992,38.00%,377,60%,40%,864,9.50%,82,540,16.40%,,4.64%,4.00%,5.40%,25,4,17,4,2,16,3,21,1,8,1,3,12
Sierra Leone,SLE,69000,50%,"34,500","34,500",16.50%,"5,693","36,805","-2,305","32,195","16,098",25%,"3,944",24%,76%,"27,972",8.90%,"2,489","12,126",17.60%,"6,433",1.76%,0.29%,5.26%,213,100,69,44,48,98,35,180,39,76,22,21,158
Singapore,SGP,"8,000",84%,"6,720","1,280",25.00%,320,"6,010",710,"1,990","1,672",50.00%,836,73%,27%,"1,623",12.50%,203,1359,17.00%,,4.64%,4.00%,5.40%,63,15,39,9,7,39,7,53,4,19,3,6,31
South Africa,ZAF,7500000,92%,"6,900,000","600,000",16.50%,"99,000","5,451,234","1,448,766","2,048,766","1,884,865",32%,"593,732",61%,39%,"2,125,981",8.90%,"189,212","881,945",11.80%,"782,945",3.63%,,,"32,037","3,596","21,568","6,873","1,708","17,082","4,263","23,054",854,"8,200","1,705","3,204","13,963"
South Sudan,SSD,170000,29%,"49,300","120,700",16.50%,"19,916","40,252","9,048","129,748","37,627",32%,"11,852",16%,84%,"33,812",8.90%,"3,009","34,777",20.50%,"14,862",3.70%,3.64%,3.77%,"1,287",737,439,111,350,662,88,"1,100",285,515,56,129,984
Sudan,SDN,45000,37%,"16,650","28,350",16.90%,"4,791","10,890","5,760","34,110","12,621",32%,"3,976",65%,35%,"3,812",8.90%,339,"9,106",20.20%,"4,315",3.70%,3.64%,3.77%,337,177,147,13,84,195,10,289,69,151,6,34,260
Syria,SYR,"1,000",82%,820,180,11.00%,20,274,546,726,595,22%,131,34%,66%,181,5.50%,10,161,16.10%,,1.15%,0.00%,3.33%,2,0,2,0,0,1,0,2,0,1,0,0,1
Tajikstan,TJK,"13,000",66%,"8,580","4,420",23.00%,"1,017","7,084","1,496","5,916","3,905",46.00%,"1,796",37%,63%,"4,463",11.50%,513,3326,25.60%,,4.64%,4.00%,5.40%,154,47,83,24,22,89,19,131,11,43,8,15,77
Tanzania,TZA,1600000,84%,"1,344,000","256,000",19.80%,"50,688","1,361,245","-17,245","238,755","200,554",32%,"63,175",68%,32%,"435,598",8.90%,"38,768","152,631",9.50%,"101,943",4.80%,3.93%,5.81%,"7,334","2,436","3,036","1,863","1,157","3,315","1,347","5,819",943,"2,579",849,733,"5,104"
Thiland,THA,"500,000",94%,"470,000","30,000",26.50%,"7,950","392,776","77,224","107,224","100,791",53.00%,"53,419",73%,27%,"106,050",13.30%,14052,75421,15.10%,,5.54%,4.20%,7.10%,"4,176",440,"2,957",778,209,"2,686",616,"3,511",105,"1,289",246,418,"2,058"
Togo,TGO,100000,76%,"76,000","24,000",16.50%,"3,960","75,616",384,"24,384","18,532",25%,"4,540",45%,55%,"41,589",8.90%,"3,701","12,202",12.20%,"8,242",4.44%,3.90%,5.02%,542,176,202,164,83,240,130,454,68,187,82,54,391
Trinidad,TTO,"10,000",80%,"8,000","2,000",13.49%,270,"7,218",,"2,782","2,226",28.00%,623,67%,33%,"2,382",7.00%,167,1060,10.60%,,5.37%,4.70%,6.20%,57,14,33,9,7,34,7,48,3,16,3,6,28
Tunisia,TUN,"4,400",51%,"2,244","2,156",10.00%,216,"1,401",843,"2,999","1,529",20%,306,17%,83%,"1,163",5.00%,58,580,13.20%,,1.15%,0.00%,3.33%,7,2,4,1,1,4,1,6,1,2,0,1,3
Uganda,UGA,1300000,91%,"1,183,000","117,000",9.80%,"11,466","1,217,677","-34,677","82,323","74,914",32%,"23,598",78%,22%,"267,889",8.00%,"21,431","56,495",4.30%,"45,029",5.05%,,,"2,854",579,"1,192","1,083",275,"1,168",783,"2,226",224,909,493,285,"1,911"
Ukraine,UKR,"250,000",69%,"172,500","77,500",14.75%,"11,431","143,833","28,667","106,167","73,255",29.50%,"21,610",52%,48%,"69,040",7.40%,5092,38133,15.30%,,4.64%,4.00%,5.40%,"1,770",530,"1,003",236,252,"1,060",187,"1,499",126,509,75,177,887
Uzbekistan,UZB,"53,000",76%,"40,280","12,720",12.00%,"1,526","27,773","12,507","25,227","19,173",24.00%,"4,601",44%,56%,"15,553",6.00%,933,7061,13.30%,,4.64%,4.00%,5.40%,328,71,214,43,34,209,34,277,17,100,14,33,164
Venezuela,VEN,"99,000",71%,"70,290","28,710",4.90%,"1,407","54,740","15,550","44,260","31,425",10%,"3,080",17%,83%,"45,434",2.50%,1113,5600,5.70%,,5.37%,4.70%,6.20%,301,76,165,60,36,170,47,253,18,82,19,30,149
Vietnam,VNM,"240,000",76%,"182,400","57,600",22.10%,"12,744","164,881","17,519","75,119","57,090",43.50%,"24,834",61%,39%,"64,304",10.90%,6993,44571,18.60%,,2.54%,0.90%,5.60%,"1,133",324,631,178,154,664,141,958,77,319,56,113,565
Yemen,YEM,"10,000",41%,"4,100","5,900",14.50%,856,"2,788","1,312","7,212","2,957",29.00%,858,34%,66%,"1,840",7.30%,133,1846,18.50%,,1.15%,0.00%,3.33%,21,10,10,2,5,12,1,18,2,6,0,2,11
Zambia,ZMB,1400000,86%,"1,204,000","196,000",17.70%,"34,692","1,131,528","72,472","268,472","230,886",32%,"72,729",68%,32%,"362,089",10.20%,"36,933","144,354",10.30%,"109,662",2.82%,1.62%,4.54%,"4,073",979,"2,052","1,042",465,"2,097",807,"3,369",379,"1,631",509,407,"2,926"
Zimbabwe,ZWE,1200000,93%,"1,116,000","84,000",22.00%,"18,480","1,128,432","-12,432","71,568","66,558",53%,"35,276",77%,23%,"259,539",8.90%,"23,099","76,855",6.40%,"58,375",4.73%,,,"3,633",873,"1,667","1,092",415,"1,733",846,"2,994",338,"1,349",533,363,"2,583"
,,,,,,,,,,,,,,,,,,,,,,,,,,,,,,,,,,,,,
Global,,"36,000,000",84%,"30,240,000","5,760,000",29.60%,,"26,600,000","3,640,000","9,400,000","7,896,000",31.30%,"2,473,948",64%,36%,"9,576,000",,,4375398,0.121538844,,,,,,,,,,,,,,,,,
